<?xml version="1.0" encoding="UTF-8"?>
<Configuration status="warn">
<Properties>
		<Property name="PID">????</Property>
		<Property name="LOG_EXCEPTION_CONVERSION_WORD">%xwEx</Property>
		<Property name="LOG_LEVEL_PATTERN">%5p</Property>
		<Property name="LOG_DATEFORMAT_PATTERN">yyyy-MM-dd HH:mm:ss.SSS</Property>
		<Property name="CONSOLE_LOG_PATTERN">%clr{%d{${LOG_DATEFORMAT_PATTERN}}}{faint} %clr{${LOG_LEVEL_PATTERN}} %clr{${sys:PID}}{magenta} %clr{---}{faint} %clr{[%15.15t]}{faint} %clr{%-40.40c{1.}}{cyan} %clr{:}{faint} %m%n${sys:LOG_EXCEPTION_CONVERSION_WORD}</Property>
		<Property name="FILE_LOG_PATTERN">%d{${LOG_DATEFORMAT_PATTERN}} ${LOG_LEVEL_PATTERN} ${sys:PID} --- [%t] %-40.40c{1.} : %m%n${sys:LOG_EXCEPTION_CONVERSION_WORD}</Property>
    <Property name="LOG_FILE_PATH">$${env:VISA_LOG_FILE_PATH}/visabase1_$${date:yyyyMMdd}.log</Property>
    <Property name="LOG_FILE_PATTERN">$${env:VISA_LOG_FILE_PATH}/$${date:yyyy-MM}/visabase1-%d{yyyy-MM-dd-HH}-%i.log.gz</Property>
	</Properties>
  <Appenders>
    <RollingFile name="RollingFile" fileName="${LOG_FILE_PATH}" filePattern="${LOG_FILE_PATTERN}">
     <PatternLayout pattern="${FILE_LOG_PATTERN}" />
      <Policies>
        <TimeBasedTriggeringPolicy interval="24" modulate="true"/>
        <SizeBasedTriggeringPolicy size="25 MB"/>
      </Policies>
    </RollingFile>
    <Console name="STDOUT" target="SYSTEM_OUT">
       <PatternLayout pattern="${CONSOLE_LOG_PATTERN}"/>
    </Console>
  </Appenders>
  <Loggers>
    <Root level="info">
   	 	<AppenderRef ref="STDOUT"/>
      	<AppenderRef ref="RollingFile"/>
    </Root>
  </Loggers>
</Configuration>