{"properties": [
  {
    "name": "postgres.db.schema",
    "type": "java.lang.String",
    "description": "A description for 'postgres.db.schema'"
  },
  {
    "name": "opencas.allowed.sources",
    "type": "java.lang.String",
    "description": "A description for 'opencas.allowed.sources'"
  },
  {
    "name": "opencas.simulation.data",
    "type": "java.lang.String",
    "description": "A description for 'opencas.simulation.data'"
  },
  {
    "name": "thread.sleep.value",
    "type": "java.lang.String",
    "description": "A description for 'thread.sleep.value'"
  },
  {
    "name": "redis.host",
    "type": "java.lang.String",
    "description": "A description for 'redis.host'"
  },
  {
    "name": "redis.port",
    "type": "java.lang.String",
    "description": "A description for 'redis.port'"
  },
  {
    "name": "flyway.migrate.enabled",
    "type": "java.lang.String",
    "description": "A description for 'flyway.migrate.enabled'"
  },
  {
    "name": "cas.config.scheme",
    "type": "java.lang.String",
    "description": "A description for 'cas.config.scheme'"
  },
  {
    "name": "cas.validate.api.path",
    "type": "java.lang.String",
    "description": "A description for 'cas.validate.api.path'"
  },
  {
    "name": "cas.config.host",
    "type": "java.lang.String",
    "description": "A description for 'cas.config.host'"
  },
  {
    "name": "cas.config.validate.uri",
    "type": "java.lang.String",
    "description": "A description for 'cas.config.validate.uri'"
  },
  {
    "name": "redis.database.index",
    "type": "java.lang.String",
    "description": "A description for 'redis.database.index'"
  },
  {
    "name": "redis.internal.load.enable",
    "type": "java.lang.String",
    "description": "A description for 'redis.internal.load.enable'"
  },
  {
    "name": "cas.config.port",
    "type": "java.lang.String",
    "description": "A description for 'cas.config.port'"
  },
  {
    "name": "hikari.max.pool.size",
    "type": "java.lang.String",
    "description": "A description for 'hikari.max.pool.size'"
  },
  {
    "name": "redis.password",
    "type": "java.lang.String",
    "description": "A description for 'redis.password'"
  }
]}