{"properties": [
  {
    "name": "redis.host",
    "type": "java.lang.String",
    "description": "A description for 'redis.host'"
  },
  {
    "name": "redis.port",
    "type": "java.lang.String",
    "description": "A description for 'redis.port'"
  },
  {
    "name": "redis.password",
    "type": "java.lang.String",
    "description": "A description for 'redis.password'"
  },
  {
    "name": "redis.database.index",
    "type": "java.lang.String",
    "description": "A description for 'redis.database.index'"
  },
  {
    "name": "redis.internal.load.enable",
    "type": "java.lang.String",
    "description": "A description for 'redis.internal.load.enable'"
  },
  {
    "name": "flyway.migrate.enabled",
    "type": "java.lang.String",
    "description": "A description for 'flyway.migrate.enabled'"
  },
  {
    "name": "postgres.db.schema",
    "type": "java.lang.String",
    "description": "A description for 'postgres.db.schema'"
  },
  {
    "name": "hikari.max.pool.size",
    "type": "java.lang.String",
    "description": "A description for 'hikari.max.pool.size'"
  },
  {
    "name": "kafka.txn.topic",
    "type": "java.lang.String",
    "description": "A description for 'kafka.txn.topic'"
  },
  {
    "name": "kafka.error.retry.interval",
    "type": "java.lang.String",
    "description": "A description for 'kafka.error.retry.interval'"
  },
  {
    "name": "kafka.consumer.group.id",
    "type": "java.lang.String",
    "description": "A description for 'kafka.consumer.group.id'"
  },
  {
    "name": "kafka.container.concurrency",
    "type": "java.lang.String",
    "description": "A description for 'kafka.container.concurrency'"
  },
  {
    "name": "kafka.error.retries",
    "type": "java.lang.String",
    "description": "A description for 'kafka.error.retries'"
  },
  {
    "name": "kafka.issuance.topic",
    "type": "java.lang.String",
    "description": "A description for 'kafka.issuance.topic'"
  },
  {
    "name": "kafka.issuance.topic.partition",
    "type": "java.lang.String",
    "description": "A description for 'kafka.issuance.topic.partition'"
  },
  {
    "name": "comsumer.container.concurrency",
    "type": "java.lang.String",
    "description": "A description for 'comsumer.container.concurrency'"
  },
  {
    "name": "kafka.issuance.consumer.enable",
    "type": "java.lang.String",
    "description": "A description for 'kafka.issuance.consumer.enable'"
  }
]}