<?xml version="1.0" encoding="UTF-8"?>
<Configuration status="warn" packages="money.open.cards.issuance">
<Properties>
		<Property name="PID">????</Property>
        <Property name="APP_LOG_ROOT">${env:LOG_FILE_PATH}</Property>
    	<Property name="LOG_EXCEPTION_CONVERSION_WORD">%xwEx</Property>
		<Property name="LOG_LEVEL_PATTERN">%5p</Property>
		<Property name="LOG_DATEFORMAT_PATTERN">yyyy-MM-dd HH:mm:ss.SSS</Property>
		<Property name="CONSOLE_LOG_PATTERN">%clr{%d{${LOG_DATEFORMAT_PATTERN}}}{faint} %clr{${LOG_LEVEL_PATTERN}} %clr{${sys:PID}}{magenta} %clr{---}{faint} %clr{[%15.15t]}{faint} %clr{%-40.40c{1.}}{cyan} %clr{:}{faint} %logmask%n${sys:LOG_EXCEPTION_CONVERSION_WORD}</Property>
		<Property name="FILE_LOG_PATTERN">%d{${LOG_DATEFORMAT_PATTERN}} ${LOG_LEVEL_PATTERN} ${sys:PID} --- [%t] %-40.40c{1.} : %logmask%n${sys:LOG_EXCEPTION_CONVERSION_WORD}</Property>
		<Property name="LOG_FILE_PATH">${APP_LOG_ROOT}/issuance.log</Property>
		<Property name="LOG_FILE_PATTERN">${APP_LOG_ROOT}/$${date:yyyy-MM}/issuance-%d{yyyy-MM-dd-HH}-%i.log.gz</Property>
	</Properties>
    <Appenders>
        <RollingFile name="RollingFile" fileName="${LOG_FILE_PATH}" filePattern="${LOG_FILE_PATTERN}">
            <PatternLayout pattern="${FILE_LOG_PATTERN}"/>
            <Policies>
                <TimeBasedTriggeringPolicy interval="24" modulate="true"/>
                <SizeBasedTriggeringPolicy size="25 MB"/>
            </Policies>
        </RollingFile>
        <Console name="STDOUT" target="SYSTEM_OUT">
            <PatternLayout pattern="${CONSOLE_LOG_PATTERN}"/>
        </Console>
    </Appenders>
    <Loggers>
        <Root level="info">
            <AppenderRef ref="STDOUT"/>
            <AppenderRef ref="RollingFile"/>
        </Root>
    </Loggers>
</Configuration>